VTX, IDX, SV_POSITION.x, SV_POSITION.y, SV_POSITION.z, SV_POSITION.w, COLOR.x, COLOR.y, COLOR.z, COLOR.w, TEXCOORD.x, TEXCOORD.y
0, 0, -0.95273,  0.88688,  0.50,  1.00,  0.05882,  0.05882,  0.05882,  0.94118,  0.00098,  0.00781
1, 2, -0.70352,  0.88688,  0.50,  1.00,  0.05882,  0.05882,  0.05882,  0.94118,  0.00098,  0.00781
2, 4, -0.70352,  0.28905,  0.50,  1.00,  0.05882,  0.05882,  0.05882,  0.94118,  0.00098,  0.00781
3, 0, -0.95273,  0.88688,  0.50,  1.00,  0.05882,  0.05882,  0.05882,  0.94118,  0.00098,  0.00781
4, 4, -0.70352,  0.28905,  0.50,  1.00,  0.05882,  0.05882,  0.05882,  0.94118,  0.00098,  0.00781
5, 6, -0.70421,  0.28446,  0.50,  1.00,  0.05882,  0.05882,  0.05882,  0.94118,  0.00098,  0.00781
6, 0, -0.95273,  0.88688,  0.50,  1.00,  0.05882,  0.05882,  0.05882,  0.94118,  0.00098,  0.00781
7, 6, -0.70421,  0.28446,  0.50,  1.00,  0.05882,  0.05882,  0.05882,  0.94118,  0.00098,  0.00781
8, 8, -0.70606,  0.28116,  0.50,  1.00,  0.05882,  0.05882,  0.05882,  0.94118,  0.00098,  0.00781
9, 0, -0.95273,  0.88688,  0.50,  1.00,  0.05882,  0.05882,  0.05882,  0.94118,  0.00098,  0.00781
10, 8, -0.70606,  0.28116,  0.50,  1.00,  0.05882,  0.05882,  0.05882,  0.94118,  0.00098,  0.00781
11, 10, -0.70865,  0.27993,  0.50,  1.00,  0.05882,  0.05882,  0.05882,  0.94118,  0.00098,  0.00781
12, 0, -0.95273,  0.88688,  0.50,  1.00,  0.05882,  0.05882,  0.05882,  0.94118,  0.00098,  0.00781
13, 10, -0.70865,  0.27993,  0.50,  1.00,  0.05882,  0.05882,  0.05882,  0.94118,  0.00098,  0.00781
14, 12, -0.9476,  0.27993,  0.50,  1.00,  0.05882,  0.05882,  0.05882,  0.94118,  0.00098,  0.00781
15, 0, -0.95273,  0.88688,  0.50,  1.00,  0.05882,  0.05882,  0.05882,  0.94118,  0.00098,  0.00781
16, 12, -0.9476,  0.27993,  0.50,  1.00,  0.05882,  0.05882,  0.05882,  0.94118,  0.00098,  0.00781
17, 14, -0.95019,  0.28116,  0.50,  1.00,  0.05882,  0.05882,  0.05882,  0.94118,  0.00098,  0.00781
18, 0, -0.95273,  0.88688,  0.50,  1.00,  0.05882,  0.05882,  0.05882,  0.94118,  0.00098,  0.00781
19, 14, -0.95019,  0.28116,  0.50,  1.00,  0.05882,  0.05882,  0.05882,  0.94118,  0.00098,  0.00781
20, 16, -0.95204,  0.28446,  0.50,  1.00,  0.05882,  0.05882,  0.05882,  0.94118,  0.00098,  0.00781
21, 0, -0.95273,  0.88688,  0.50,  1.00,  0.05882,  0.05882,  0.05882,  0.94118,  0.00098,  0.00781
22, 16, -0.95204,  0.28446,  0.50,  1.00,  0.05882,  0.05882,  0.05882,  0.94118,  0.00098,  0.00781
23, 18, -0.95273,  0.28905,  0.50,  1.00,  0.05882,  0.05882,  0.05882,  0.94118,  0.00098,  0.00781
24, 0, -0.95273,  0.88688,  0.50,  1.00,  0.05882,  0.05882,  0.05882,  0.94118,  0.00098,  0.00781
25, 18, -0.95273,  0.28905,  0.50,  1.00,  0.05882,  0.05882,  0.05882,  0.94118,  0.00098,  0.00781
26, 19, -0.95352,  0.28887,  0.50,  1.00,  0.05882,  0.05882,  0.05882,  0.00,  0.00098,  0.00781
27, 19, -0.95352,  0.28887,  0.50,  1.00,  0.05882,  0.05882,  0.05882,  0.00,  0.00098,  0.00781
28, 1, -0.95352,  0.88826,  0.50,  1.00,  0.05882,  0.05882,  0.05882,  0.00,  0.00098,  0.00781
29, 0, -0.95273,  0.88688,  0.50,  1.00,  0.05882,  0.05882,  0.05882,  0.94118,  0.00098,  0.00781
30, 2, -0.70352,  0.88688,  0.50,  1.00,  0.05882,  0.05882,  0.05882,  0.94118,  0.00098,  0.00781
31, 0, -0.95273,  0.88688,  0.50,  1.00,  0.05882,  0.05882,  0.05882,  0.94118,  0.00098,  0.00781
32, 1, -0.95352,  0.88826,  0.50,  1.00,  0.05882,  0.05882,  0.05882,  0.00,  0.00098,  0.00781
33, 1, -0.95352,  0.88826,  0.50,  1.00,  0.05882,  0.05882,  0.05882,  0.00,  0.00098,  0.00781
34, 3, -0.70273,  0.88826,  0.50,  1.00,  0.05882,  0.05882,  0.05882,  0.00,  0.00098,  0.00781
35, 2, -0.70352,  0.88688,  0.50,  1.00,  0.05882,  0.05882,  0.05882,  0.94118,  0.00098,  0.00781
36, 4, -0.70352,  0.28905,  0.50,  1.00,  0.05882,  0.05882,  0.05882,  0.94118,  0.00098,  0.00781
37, 2, -0.70352,  0.88688,  0.50,  1.00,  0.05882,  0.05882,  0.05882,  0.94118,  0.00098,  0.00781
38, 3, -0.70273,  0.88826,  0.50,  1.00,  0.05882,  0.05882,  0.05882,  0.00,  0.00098,  0.00781
39, 3, -0.70273,  0.88826,  0.50,  1.00,  0.05882,  0.05882,  0.05882,  0.00,  0.00098,  0.00781
40, 5, -0.70273,  0.28887,  0.50,  1.00,  0.05882,  0.05882,  0.05882,  0.00,  0.00098,  0.00781
41, 4, -0.70352,  0.28905,  0.50,  1.00,  0.05882,  0.05882,  0.05882,  0.94118,  0.00098,  0.00781
42, 6, -0.70421,  0.28446,  0.50,  1.00,  0.05882,  0.05882,  0.05882,  0.94118,  0.00098,  0.00781
43, 4, -0.70352,  0.28905,  0.50,  1.00,  0.05882,  0.05882,  0.05882,  0.94118,  0.00098,  0.00781
44, 5, -0.70273,  0.28887,  0.50,  1.00,  0.05882,  0.05882,  0.05882,  0.00,  0.00098,  0.00781
45, 5, -0.70273,  0.28887,  0.50,  1.00,  0.05882,  0.05882,  0.05882,  0.00,  0.00098,  0.00781
46, 7, -0.70351,  0.28374,  0.50,  1.00,  0.05882,  0.05882,  0.05882,  0.00,  0.00098,  0.00781
47, 6, -0.70421,  0.28446,  0.50,  1.00,  0.05882,  0.05882,  0.05882,  0.94118,  0.00098,  0.00781
48, 8, -0.70606,  0.28116,  0.50,  1.00,  0.05882,  0.05882,  0.05882,  0.94118,  0.00098,  0.00781
49, 6, -0.70421,  0.28446,  0.50,  1.00,  0.05882,  0.05882,  0.05882,  0.94118,  0.00098,  0.00781
50, 7, -0.70351,  0.28374,  0.50,  1.00,  0.05882,  0.05882,  0.05882,  0.00,  0.00098,  0.00781
51, 7, -0.70351,  0.28374,  0.50,  1.00,  0.05882,  0.05882,  0.05882,  0.00,  0.00098,  0.00781
52, 9, -0.70566,  0.27992,  0.50,  1.00,  0.05882,  0.05882,  0.05882,  0.00,  0.00098,  0.00781
53, 8, -0.70606,  0.28116,  0.50,  1.00,  0.05882,  0.05882,  0.05882,  0.94118,  0.00098,  0.00781
54, 10, -0.70865,  0.27993,  0.50,  1.00,  0.05882,  0.05882,  0.05882,  0.94118,  0.00098,  0.00781
55, 8, -0.70606,  0.28116,  0.50,  1.00,  0.05882,  0.05882,  0.05882,  0.94118,  0.00098,  0.00781
56, 9, -0.70566,  0.27992,  0.50,  1.00,  0.05882,  0.05882,  0.05882,  0.00,  0.00098,  0.00781
57, 9, -0.70566,  0.27992,  0.50,  1.00,  0.05882,  0.05882,  0.05882,  0.00,  0.00098,  0.00781
58, 11, -0.70854,  0.27854,  0.50,  1.00,  0.05882,  0.05882,  0.05882,  0.00,  0.00098,  0.00781
59, 10, -0.70865,  0.27993,  0.50,  1.00,  0.05882,  0.05882,  0.05882,  0.94118,  0.00098,  0.00781
60, 12, -0.9476,  0.27993,  0.50,  1.00,  0.05882,  0.05882,  0.05882,  0.94118,  0.00098,  0.00781
61, 10, -0.70865,  0.27993,  0.50,  1.00,  0.05882,  0.05882,  0.05882,  0.94118,  0.00098,  0.00781
62, 11, -0.70854,  0.27854,  0.50,  1.00,  0.05882,  0.05882,  0.05882,  0.00,  0.00098,  0.00781
63, 11, -0.70854,  0.27854,  0.50,  1.00,  0.05882,  0.05882,  0.05882,  0.00,  0.00098,  0.00781
64, 13, -0.94771,  0.27854,  0.50,  1.00,  0.05882,  0.05882,  0.05882,  0.00,  0.00098,  0.00781
65, 12, -0.9476,  0.27993,  0.50,  1.00,  0.05882,  0.05882,  0.05882,  0.94118,  0.00098,  0.00781
66, 14, -0.95019,  0.28116,  0.50,  1.00,  0.05882,  0.05882,  0.05882,  0.94118,  0.00098,  0.00781
67, 12, -0.9476,  0.27993,  0.50,  1.00,  0.05882,  0.05882,  0.05882,  0.94118,  0.00098,  0.00781
68, 13, -0.94771,  0.27854,  0.50,  1.00,  0.05882,  0.05882,  0.05882,  0.00,  0.00098,  0.00781
69, 13, -0.94771,  0.27854,  0.50,  1.00,  0.05882,  0.05882,  0.05882,  0.00,  0.00098,  0.00781
70, 15, -0.95059,  0.27992,  0.50,  1.00,  0.05882,  0.05882,  0.05882,  0.00,  0.00098,  0.00781
71, 14, -0.95019,  0.28116,  0.50,  1.00,  0.05882,  0.05882,  0.05882,  0.94118,  0.00098,  0.00781
72, 16, -0.95204,  0.28446,  0.50,  1.00,  0.05882,  0.05882,  0.05882,  0.94118,  0.00098,  0.00781
73, 14, -0.95019,  0.28116,  0.50,  1.00,  0.05882,  0.05882,  0.05882,  0.94118,  0.00098,  0.00781
74, 15, -0.95059,  0.27992,  0.50,  1.00,  0.05882,  0.05882,  0.05882,  0.00,  0.00098,  0.00781
75, 15, -0.95059,  0.27992,  0.50,  1.00,  0.05882,  0.05882,  0.05882,  0.00,  0.00098,  0.00781
76, 17, -0.95274,  0.28374,  0.50,  1.00,  0.05882,  0.05882,  0.05882,  0.00,  0.00098,  0.00781
77, 16, -0.95204,  0.28446,  0.50,  1.00,  0.05882,  0.05882,  0.05882,  0.94118,  0.00098,  0.00781
78, 18, -0.95273,  0.28905,  0.50,  1.00,  0.05882,  0.05882,  0.05882,  0.94118,  0.00098,  0.00781
79, 16, -0.95204,  0.28446,  0.50,  1.00,  0.05882,  0.05882,  0.05882,  0.94118,  0.00098,  0.00781
80, 17, -0.95274,  0.28374,  0.50,  1.00,  0.05882,  0.05882,  0.05882,  0.00,  0.00098,  0.00781
81, 17, -0.95274,  0.28374,  0.50,  1.00,  0.05882,  0.05882,  0.05882,  0.00,  0.00098,  0.00781
82, 19, -0.95352,  0.28887,  0.50,  1.00,  0.05882,  0.05882,  0.05882,  0.00,  0.00098,  0.00781
83, 18, -0.95273,  0.28905,  0.50,  1.00,  0.05882,  0.05882,  0.05882,  0.94118,  0.00098,  0.00781
84, 20, -0.95273,  0.90685,  0.50,  1.00,  0.16078,  0.2902,  0.47843,  1.00,  0.00098,  0.00781
85, 22, -0.95204,  0.91145,  0.50,  1.00,  0.16078,  0.2902,  0.47843,  1.00,  0.00098,  0.00781
86, 24, -0.95019,  0.91474,  0.50,  1.00,  0.16078,  0.2902,  0.47843,  1.00,  0.00098,  0.00781
87, 20, -0.95273,  0.90685,  0.50,  1.00,  0.16078,  0.2902,  0.47843,  1.00,  0.00098,  0.00781
88, 24, -0.95019,  0.91474,  0.50,  1.00,  0.16078,  0.2902,  0.47843,  1.00,  0.00098,  0.00781
89, 26, -0.9476,  0.91597,  0.50,  1.00,  0.16078,  0.2902,  0.47843,  1.00,  0.00098,  0.00781
90, 20, -0.95273,  0.90685,  0.50,  1.00,  0.16078,  0.2902,  0.47843,  1.00,  0.00098,  0.00781
91, 26, -0.9476,  0.91597,  0.50,  1.00,  0.16078,  0.2902,  0.47843,  1.00,  0.00098,  0.00781
92, 28, -0.70865,  0.91597,  0.50,  1.00,  0.16078,  0.2902,  0.47843,  1.00,  0.00098,  0.00781
93, 20, -0.95273,  0.90685,  0.50,  1.00,  0.16078,  0.2902,  0.47843,  1.00,  0.00098,  0.00781
94, 28, -0.70865,  0.91597,  0.50,  1.00,  0.16078,  0.2902,  0.47843,  1.00,  0.00098,  0.00781
95, 30, -0.70606,  0.91474,  0.50,  1.00,  0.16078,  0.2902,  0.47843,  1.00,  0.00098,  0.00781
96, 20, -0.95273,  0.90685,  0.50,  1.00,  0.16078,  0.2902,  0.47843,  1.00,  0.00098,  0.00781
97, 30, -0.70606,  0.91474,  0.50,  1.00,  0.16078,  0.2902,  0.47843,  1.00,  0.00098,  0.00781
98, 32, -0.70421,  0.91145,  0.50,  1.00,  0.16078,  0.2902,  0.47843,  1.00,  0.00098,  0.00781
99, 20, -0.95273,  0.90685,  0.50,  1.00,  0.16078,  0.2902,  0.47843,  1.00,  0.00098,  0.00781
100, 32, -0.70421,  0.91145,  0.50,  1.00,  0.16078,  0.2902,  0.47843,  1.00,  0.00098,  0.00781
101, 34, -0.70352,  0.90685,  0.50,  1.00,  0.16078,  0.2902,  0.47843,  1.00,  0.00098,  0.00781
102, 20, -0.95273,  0.90685,  0.50,  1.00,  0.16078,  0.2902,  0.47843,  1.00,  0.00098,  0.00781
103, 34, -0.70352,  0.90685,  0.50,  1.00,  0.16078,  0.2902,  0.47843,  1.00,  0.00098,  0.00781
104, 36, -0.70352,  0.88826,  0.50,  1.00,  0.16078,  0.2902,  0.47843,  1.00,  0.00098,  0.00781
105, 20, -0.95273,  0.90685,  0.50,  1.00,  0.16078,  0.2902,  0.47843,  1.00,  0.00098,  0.00781
106, 36, -0.70352,  0.88826,  0.50,  1.00,  0.16078,  0.2902,  0.47843,  1.00,  0.00098,  0.00781
107, 38, -0.95273,  0.88826,  0.50,  1.00,  0.16078,  0.2902,  0.47843,  1.00,  0.00098,  0.00781
108, 20, -0.95273,  0.90685,  0.50,  1.00,  0.16078,  0.2902,  0.47843,  1.00,  0.00098,  0.00781
109, 38, -0.95273,  0.88826,  0.50,  1.00,  0.16078,  0.2902,  0.47843,  1.00,  0.00098,  0.00781
110, 39, -0.95352,  0.88688,  0.50,  1.00,  0.16078,  0.2902,  0.47843,  0.00,  0.00098,  0.00781
111, 39, -0.95352,  0.88688,  0.50,  1.00,  0.16078,  0.2902,  0.47843,  0.00,  0.00098,  0.00781
112, 21, -0.95352,  0.90704,  0.50,  1.00,  0.16078,  0.2902,  0.47843,  0.00,  0.00098,  0.00781
113, 20, -0.95273,  0.90685,  0.50,  1.00,  0.16078,  0.2902,  0.47843,  1.00,  0.00098,  0.00781
114, 22, -0.95204,  0.91145,  0.50,  1.00,  0.16078,  0.2902,  0.47843,  1.00,  0.00098,  0.00781
115, 20, -0.95273,  0.90685,  0.50,  1.00,  0.16078,  0.2902,  0.47843,  1.00,  0.00098,  0.00781
116, 21, -0.95352,  0.90704,  0.50,  1.00,  0.16078,  0.2902,  0.47843,  0.00,  0.00098,  0.00781
117, 21, -0.95352,  0.90704,  0.50,  1.00,  0.16078,  0.2902,  0.47843,  0.00,  0.00098,  0.00781
118, 23, -0.95274,  0.91217,  0.50,  1.00,  0.16078,  0.2902,  0.47843,  0.00,  0.00098,  0.00781
119, 22, -0.95204,  0.91145,  0.50,  1.00,  0.16078,  0.2902,  0.47843,  1.00,  0.00098,  0.00781
120, 24, -0.95019,  0.91474,  0.50,  1.00,  0.16078,  0.2902,  0.47843,  1.00,  0.00098,  0.00781
121, 22, -0.95204,  0.91145,  0.50,  1.00,  0.16078,  0.2902,  0.47843,  1.00,  0.00098,  0.00781
122, 23, -0.95274,  0.91217,  0.50,  1.00,  0.16078,  0.2902,  0.47843,  0.00,  0.00098,  0.00781
123, 23, -0.95274,  0.91217,  0.50,  1.00,  0.16078,  0.2902,  0.47843,  0.00,  0.00098,  0.00781
124, 25, -0.95059,  0.91599,  0.50,  1.00,  0.16078,  0.2902,  0.47843,  0.00,  0.00098,  0.00781
125, 24, -0.95019,  0.91474,  0.50,  1.00,  0.16078,  0.2902,  0.47843,  1.00,  0.00098,  0.00781
126, 26, -0.9476,  0.91597,  0.50,  1.00,  0.16078,  0.2902,  0.47843,  1.00,  0.00098,  0.00781
127, 24, -0.95019,  0.91474,  0.50,  1.00,  0.16078,  0.2902,  0.47843,  1.00,  0.00098,  0.00781
128, 25, -0.95059,  0.91599,  0.50,  1.00,  0.16078,  0.2902,  0.47843,  0.00,  0.00098,  0.00781
129, 25, -0.95059,  0.91599,  0.50,  1.00,  0.16078,  0.2902,  0.47843,  0.00,  0.00098,  0.00781
130, 27, -0.94771,  0.91736,  0.50,  1.00,  0.16078,  0.2902,  0.47843,  0.00,  0.00098,  0.00781
131, 26, -0.9476,  0.91597,  0.50,  1.00,  0.16078,  0.2902,  0.47843,  1.00,  0.00098,  0.00781
132, 28, -0.70865,  0.91597,  0.50,  1.00,  0.16078,  0.2902,  0.47843,  1.00,  0.00098,  0.00781
133, 26, -0.9476,  0.91597,  0.50,  1.00,  0.16078,  0.2902,  0.47843,  1.00,  0.00098,  0.00781
134, 27, -0.94771,  0.91736,  0.50,  1.00,  0.16078,  0.2902,  0.47843,  0.00,  0.00098,  0.00781
135, 27, -0.94771,  0.91736,  0.50,  1.00,  0.16078,  0.2902,  0.47843,  0.00,  0.00098,  0.00781
136, 29, -0.70854,  0.91736,  0.50,  1.00,  0.16078,  0.2902,  0.47843,  0.00,  0.00098,  0.00781
137, 28, -0.70865,  0.91597,  0.50,  1.00,  0.16078,  0.2902,  0.47843,  1.00,  0.00098,  0.00781
138, 30, -0.70606,  0.91474,  0.50,  1.00,  0.16078,  0.2902,  0.47843,  1.00,  0.00098,  0.00781
139, 28, -0.70865,  0.91597,  0.50,  1.00,  0.16078,  0.2902,  0.47843,  1.00,  0.00098,  0.00781
140, 29, -0.70854,  0.91736,  0.50,  1.00,  0.16078,  0.2902,  0.47843,  0.00,  0.00098,  0.00781
141, 29, -0.70854,  0.91736,  0.50,  1.00,  0.16078,  0.2902,  0.47843,  0.00,  0.00098,  0.00781
142, 31, -0.70566,  0.91599,  0.50,  1.00,  0.16078,  0.2902,  0.47843,  0.00,  0.00098,  0.00781
143, 30, -0.70606,  0.91474,  0.50,  1.00,  0.16078,  0.2902,  0.47843,  1.00,  0.00098,  0.00781
144, 32, -0.70421,  0.91145,  0.50,  1.00,  0.16078,  0.2902,  0.47843,  1.00,  0.00098,  0.00781
145, 30, -0.70606,  0.91474,  0.50,  1.00,  0.16078,  0.2902,  0.47843,  1.00,  0.00098,  0.00781
146, 31, -0.70566,  0.91599,  0.50,  1.00,  0.16078,  0.2902,  0.47843,  0.00,  0.00098,  0.00781
147, 31, -0.70566,  0.91599,  0.50,  1.00,  0.16078,  0.2902,  0.47843,  0.00,  0.00098,  0.00781
148, 33, -0.70351,  0.91217,  0.50,  1.00,  0.16078,  0.2902,  0.47843,  0.00,  0.00098,  0.00781
149, 32, -0.70421,  0.91145,  0.50,  1.00,  0.16078,  0.2902,  0.47843,  1.00,  0.00098,  0.00781
150, 34, -0.70352,  0.90685,  0.50,  1.00,  0.16078,  0.2902,  0.47843,  1.00,  0.00098,  0.00781
151, 32, -0.70421,  0.91145,  0.50,  1.00,  0.16078,  0.2902,  0.47843,  1.00,  0.00098,  0.00781
152, 33, -0.70351,  0.91217,  0.50,  1.00,  0.16078,  0.2902,  0.47843,  0.00,  0.00098,  0.00781
153, 33, -0.70351,  0.91217,  0.50,  1.00,  0.16078,  0.2902,  0.47843,  0.00,  0.00098,  0.00781
154, 35, -0.70273,  0.90704,  0.50,  1.00,  0.16078,  0.2902,  0.47843,  0.00,  0.00098,  0.00781
155, 34, -0.70352,  0.90685,  0.50,  1.00,  0.16078,  0.2902,  0.47843,  1.00,  0.00098,  0.00781
156, 36, -0.70352,  0.88826,  0.50,  1.00,  0.16078,  0.2902,  0.47843,  1.00,  0.00098,  0.00781
157, 34, -0.70352,  0.90685,  0.50,  1.00,  0.16078,  0.2902,  0.47843,  1.00,  0.00098,  0.00781
158, 35, -0.70273,  0.90704,  0.50,  1.00,  0.16078,  0.2902,  0.47843,  0.00,  0.00098,  0.00781
159, 35, -0.70273,  0.90704,  0.50,  1.00,  0.16078,  0.2902,  0.47843,  0.00,  0.00098,  0.00781
160, 37, -0.70273,  0.88688,  0.50,  1.00,  0.16078,  0.2902,  0.47843,  0.00,  0.00098,  0.00781
161, 36, -0.70352,  0.88826,  0.50,  1.00,  0.16078,  0.2902,  0.47843,  1.00,  0.00098,  0.00781
162, 38, -0.95273,  0.88826,  0.50,  1.00,  0.16078,  0.2902,  0.47843,  1.00,  0.00098,  0.00781
163, 36, -0.70352,  0.88826,  0.50,  1.00,  0.16078,  0.2902,  0.47843,  1.00,  0.00098,  0.00781
164, 37, -0.70273,  0.88688,  0.50,  1.00,  0.16078,  0.2902,  0.47843,  0.00,  0.00098,  0.00781
165, 37, -0.70273,  0.88688,  0.50,  1.00,  0.16078,  0.2902,  0.47843,  0.00,  0.00098,  0.00781
166, 39, -0.95352,  0.88688,  0.50,  1.00,  0.16078,  0.2902,  0.47843,  0.00,  0.00098,  0.00781
167, 38, -0.95273,  0.88826,  0.50,  1.00,  0.16078,  0.2902,  0.47843,  1.00,  0.00098,  0.00781
168, 40, -0.71847,  0.28083,  0.50,  1.00,  0.00,  0.00,  0.00,  0.00,  0.00098,  0.00781
169, 42, -0.70402,  0.30652,  0.50,  1.00,  0.00,  0.00,  0.00,  0.00,  0.00098,  0.00781
170, 44, -0.7043,  0.29044,  0.50,  1.00,  0.00,  0.00,  0.00,  0.00,  0.00098,  0.00781
171, 40, -0.71847,  0.28083,  0.50,  1.00,  0.00,  0.00,  0.00,  0.00,  0.00098,  0.00781
172, 44, -0.7043,  0.29044,  0.50,  1.00,  0.00,  0.00,  0.00,  0.00,  0.00098,  0.00781
173, 46, -0.70499,  0.28585,  0.50,  1.00,  0.00,  0.00,  0.00,  0.00,  0.00098,  0.00781
174, 40, -0.71847,  0.28083,  0.50,  1.00,  0.00,  0.00,  0.00,  0.00,  0.00098,  0.00781
175, 46, -0.70499,  0.28585,  0.50,  1.00,  0.00,  0.00,  0.00,  0.00,  0.00098,  0.00781
176, 48, -0.70684,  0.28255,  0.50,  1.00,  0.00,  0.00,  0.00,  0.00,  0.00098,  0.00781
177, 40, -0.71847,  0.28083,  0.50,  1.00,  0.00,  0.00,  0.00,  0.00,  0.00098,  0.00781
178, 48, -0.70684,  0.28255,  0.50,  1.00,  0.00,  0.00,  0.00,  0.00,  0.00098,  0.00781
179, 50, -0.70943,  0.28132,  0.50,  1.00,  0.00,  0.00,  0.00,  0.00,  0.00098,  0.00781
180, 40, -0.71847,  0.28083,  0.50,  1.00,  0.00,  0.00,  0.00,  0.00,  0.00098,  0.00781
181, 50, -0.70943,  0.28132,  0.50,  1.00,  0.00,  0.00,  0.00,  0.00,  0.00098,  0.00781
182, 51, -0.70932,  0.27993,  0.50,  1.00,  0.00,  0.00,  0.00,  0.00,  0.00098,  0.00781
183, 51, -0.70932,  0.27993,  0.50,  1.00,  0.00,  0.00,  0.00,  0.00,  0.00098,  0.00781
184, 41, -0.71903,  0.28042,  0.50,  1.00,  0.00,  0.00,  0.00,  0.00,  0.00098,  0.00781
185, 40, -0.71847,  0.28083,  0.50,  1.00,  0.00,  0.00,  0.00,  0.00,  0.00098,  0.00781
186, 42, -0.70402,  0.30652,  0.50,  1.00,  0.00,  0.00,  0.00,  0.00,  0.00098,  0.00781
187, 40, -0.71847,  0.28083,  0.50,  1.00,  0.00,  0.00,  0.00,  0.00,  0.00098,  0.00781
188, 41, -0.71903,  0.28042,  0.50,  1.00,  0.00,  0.00,  0.00,  0.00,  0.00098,  0.00781
189, 41, -0.71903,  0.28042,  0.50,  1.00,  0.00,  0.00,  0.00,  0.00,  0.00098,  0.00781
190, 43, -0.70379,  0.3075,  0.50,  1.00,  0.00,  0.00,  0.00,  0.00,  0.00098,  0.00781
191, 42, -0.70402,  0.30652,  0.50,  1.00,  0.00,  0.00,  0.00,  0.00,  0.00098,  0.00781
192, 44, -0.7043,  0.29044,  0.50,  1.00,  0.00,  0.00,  0.00,  0.00,  0.00098,  0.00781
193, 42, -0.70402,  0.30652,  0.50,  1.00,  0.00,  0.00,  0.00,  0.00,  0.00098,  0.00781
194, 43, -0.70379,  0.3075,  0.50,  1.00,  0.00,  0.00,  0.00,  0.00,  0.00098,  0.00781
195, 43, -0.70379,  0.3075,  0.50,  1.00,  0.00,  0.00,  0.00,  0.00,  0.00098,  0.00781
196, 45, -0.70352,  0.29026,  0.50,  1.00,  0.00,  0.00,  0.00,  0.00,  0.00098,  0.00781
197, 44, -0.7043,  0.29044,  0.50,  1.00,  0.00,  0.00,  0.00,  0.00,  0.00098,  0.00781
198, 46, -0.70499,  0.28585,  0.50,  1.00,  0.00,  0.00,  0.00,  0.00,  0.00098,  0.00781
199, 44, -0.7043,  0.29044,  0.50,  1.00,  0.00,  0.00,  0.00,  0.00,  0.00098,  0.00781
200, 45, -0.70352,  0.29026,  0.50,  1.00,  0.00,  0.00,  0.00,  0.00,  0.00098,  0.00781
201, 45, -0.70352,  0.29026,  0.50,  1.00,  0.00,  0.00,  0.00,  0.00,  0.00098,  0.00781
202, 47, -0.70429,  0.28513,  0.50,  1.00,  0.00,  0.00,  0.00,  0.00,  0.00098,  0.00781
203, 46, -0.70499,  0.28585,  0.50,  1.00,  0.00,  0.00,  0.00,  0.00,  0.00098,  0.00781
204, 48, -0.70684,  0.28255,  0.50,  1.00,  0.00,  0.00,  0.00,  0.00,  0.00098,  0.00781
205, 46, -0.70499,  0.28585,  0.50,  1.00,  0.00,  0.00,  0.00,  0.00,  0.00098,  0.00781
206, 47, -0.70429,  0.28513,  0.50,  1.00,  0.00,  0.00,  0.00,  0.00,  0.00098,  0.00781
207, 47, -0.70429,  0.28513,  0.50,  1.00,  0.00,  0.00,  0.00,  0.00,  0.00098,  0.00781
208, 49, -0.70644,  0.2813,  0.50,  1.00,  0.00,  0.00,  0.00,  0.00,  0.00098,  0.00781
209, 48, -0.70684,  0.28255,  0.50,  1.00,  0.00,  0.00,  0.00,  0.00,  0.00098,  0.00781
210, 50, -0.70943,  0.28132,  0.50,  1.00,  0.00,  0.00,  0.00,  0.00,  0.00098,  0.00781
211, 48, -0.70684,  0.28255,  0.50,  1.00,  0.00,  0.00,  0.00,  0.00,  0.00098,  0.00781
212, 49, -0.70644,  0.2813,  0.50,  1.00,  0.00,  0.00,  0.00,  0.00,  0.00098,  0.00781
213, 49, -0.70644,  0.2813,  0.50,  1.00,  0.00,  0.00,  0.00,  0.00,  0.00098,  0.00781
214, 51, -0.70932,  0.27993,  0.50,  1.00,  0.00,  0.00,  0.00,  0.00,  0.00098,  0.00781
215, 50, -0.70943,  0.28132,  0.50,  1.00,  0.00,  0.00,  0.00,  0.00,  0.00098,  0.00781
216, 52, -0.95223,  0.30652,  0.50,  1.00,  0.00,  0.00,  0.00,  0.00,  0.00098,  0.00781
217, 54, -0.93778,  0.28083,  0.50,  1.00,  0.00,  0.00,  0.00,  0.00,  0.00098,  0.00781
218, 56, -0.94682,  0.28132,  0.50,  1.00,  0.00,  0.00,  0.00,  0.00,  0.00098,  0.00781
219, 52, -0.95223,  0.30652,  0.50,  1.00,  0.00,  0.00,  0.00,  0.00,  0.00098,  0.00781
220, 56, -0.94682,  0.28132,  0.50,  1.00,  0.00,  0.00,  0.00,  0.00,  0.00098,  0.00781
221, 58, -0.94941,  0.28255,  0.50,  1.00,  0.00,  0.00,  0.00,  0.00,  0.00098,  0.00781
222, 52, -0.95223,  0.30652,  0.50,  1.00,  0.00,  0.00,  0.00,  0.00,  0.00098,  0.00781
223, 58, -0.94941,  0.28255,  0.50,  1.00,  0.00,  0.00,  0.00,  0.00,  0.00098,  0.00781
224, 60, -0.95126,  0.28585,  0.50,  1.00,  0.00,  0.00,  0.00,  0.00,  0.00098,  0.00781
225, 52, -0.95223,  0.30652,  0.50,  1.00,  0.00,  0.00,  0.00,  0.00,  0.00098,  0.00781
226, 60, -0.95126,  0.28585,  0.50,  1.00,  0.00,  0.00,  0.00,  0.00,  0.00098,  0.00781
227, 62, -0.95195,  0.29044,  0.50,  1.00,  0.00,  0.00,  0.00,  0.00,  0.00098,  0.00781
228, 52, -0.95223,  0.30652,  0.50,  1.00,  0.00,  0.00,  0.00,  0.00,  0.00098,  0.00781
229, 62, -0.95195,  0.29044,  0.50,  1.00,  0.00,  0.00,  0.00,  0.00,  0.00098,  0.00781
230, 63, -0.95273,  0.29026,  0.50,  1.00,  0.00,  0.00,  0.00,  0.00,  0.00098,  0.00781
231, 63, -0.95273,  0.29026,  0.50,  1.00,  0.00,  0.00,  0.00,  0.00,  0.00098,  0.00781
232, 53, -0.95246,  0.3075,  0.50,  1.00,  0.00,  0.00,  0.00,  0.00,  0.00098,  0.00781
233, 52, -0.95223,  0.30652,  0.50,  1.00,  0.00,  0.00,  0.00,  0.00,  0.00098,  0.00781
234, 54, -0.93778,  0.28083,  0.50,  1.00,  0.00,  0.00,  0.00,  0.00,  0.00098,  0.00781
235, 52, -0.95223,  0.30652,  0.50,  1.00,  0.00,  0.00,  0.00,  0.00,  0.00098,  0.00781
236, 53, -0.95246,  0.3075,  0.50,  1.00,  0.00,  0.00,  0.00,  0.00,  0.00098,  0.00781
237, 53, -0.95246,  0.3075,  0.50,  1.00,  0.00,  0.00,  0.00,  0.00,  0.00098,  0.00781
238, 55, -0.93722,  0.28042,  0.50,  1.00,  0.00,  0.00,  0.00,  0.00,  0.00098,  0.00781
239, 54, -0.93778,  0.28083,  0.50,  1.00,  0.00,  0.00,  0.00,  0.00,  0.00098,  0.00781
240, 56, -0.94682,  0.28132,  0.50,  1.00,  0.00,  0.00,  0.00,  0.00,  0.00098,  0.00781
241, 54, -0.93778,  0.28083,  0.50,  1.00,  0.00,  0.00,  0.00,  0.00,  0.00098,  0.00781
242, 55, -0.93722,  0.28042,  0.50,  1.00,  0.00,  0.00,  0.00,  0.00,  0.00098,  0.00781
243, 55, -0.93722,  0.28042,  0.50,  1.00,  0.00,  0.00,  0.00,  0.00,  0.00098,  0.00781
244, 57, -0.94693,  0.27993,  0.50,  1.00,  0.00,  0.00,  0.00,  0.00,  0.00098,  0.00781
245, 56, -0.94682,  0.28132,  0.50,  1.00,  0.00,  0.00,  0.00,  0.00,  0.00098,  0.00781
246, 58, -0.94941,  0.28255,  0.50,  1.00,  0.00,  0.00,  0.00,  0.00,  0.00098,  0.00781
247, 56, -0.94682,  0.28132,  0.50,  1.00,  0.00,  0.00,  0.00,  0.00,  0.00098,  0.00781
248, 57, -0.94693,  0.27993,  0.50,  1.00,  0.00,  0.00,  0.00,  0.00,  0.00098,  0.00781
249, 57, -0.94693,  0.27993,  0.50,  1.00,  0.00,  0.00,  0.00,  0.00,  0.00098,  0.00781
250, 59, -0.94981,  0.2813,  0.50,  1.00,  0.00,  0.00,  0.00,  0.00,  0.00098,  0.00781
251, 58, -0.94941,  0.28255,  0.50,  1.00,  0.00,  0.00,  0.00,  0.00,  0.00098,  0.00781
252, 60, -0.95126,  0.28585,  0.50,  1.00,  0.00,  0.00,  0.00,  0.00,  0.00098,  0.00781
253, 58, -0.94941,  0.28255,  0.50,  1.00,  0.00,  0.00,  0.00,  0.00,  0.00098,  0.00781
254, 59, -0.94981,  0.2813,  0.50,  1.00,  0.00,  0.00,  0.00,  0.00,  0.00098,  0.00781
255, 59, -0.94981,  0.2813,  0.50,  1.00,  0.00,  0.00,  0.00,  0.00,  0.00098,  0.00781
256, 61, -0.95196,  0.28513,  0.50,  1.00,  0.00,  0.00,  0.00,  0.00,  0.00098,  0.00781
257, 60, -0.95126,  0.28585,  0.50,  1.00,  0.00,  0.00,  0.00,  0.00,  0.00098,  0.00781
258, 62, -0.95195,  0.29044,  0.50,  1.00,  0.00,  0.00,  0.00,  0.00,  0.00098,  0.00781
259, 60, -0.95126,  0.28585,  0.50,  1.00,  0.00,  0.00,  0.00,  0.00,  0.00098,  0.00781
260, 61, -0.95196,  0.28513,  0.50,  1.00,  0.00,  0.00,  0.00,  0.00,  0.00098,  0.00781
261, 61, -0.95196,  0.28513,  0.50,  1.00,  0.00,  0.00,  0.00,  0.00,  0.00098,  0.00781
262, 63, -0.95273,  0.29026,  0.50,  1.00,  0.00,  0.00,  0.00,  0.00,  0.00098,  0.00781
263, 62, -0.95195,  0.29044,  0.50,  1.00,  0.00,  0.00,  0.00,  0.00,  0.00098,  0.00781
264, 67, -0.952,  0.91111,  0.50,  1.00,  0.43137,  0.43137,  0.50196,  0.50196,  0.00098,  0.00781
265, 64, -0.95273,  0.90625,  0.50,  1.00,  0.43137,  0.43137,  0.50196,  0.50196,  0.00098,  0.00781
266, 66, -0.95195,  0.90607,  0.50,  1.00,  0.43137,  0.43137,  0.50196,  0.00,  0.00098,  0.00781
267, 66, -0.95195,  0.90607,  0.50,  1.00,  0.43137,  0.43137,  0.50196,  0.00,  0.00098,  0.00781
268, 69, -0.9513,  0.91039,  0.50,  1.00,  0.43137,  0.43137,  0.50196,  0.00,  0.00098,  0.00781
269, 67, -0.952,  0.91111,  0.50,  1.00,  0.43137,  0.43137,  0.50196,  0.50196,  0.00098,  0.00781
270, 68, -0.9527,  0.91183,  0.50,  1.00,  0.43137,  0.43137,  0.50196,  0.00,  0.00098,  0.00781
271, 65, -0.95352,  0.90643,  0.50,  1.00,  0.43137,  0.43137,  0.50196,  0.00,  0.00098,  0.00781
272, 64, -0.95273,  0.90625,  0.50,  1.00,  0.43137,  0.43137,  0.50196,  0.50196,  0.00098,  0.00781
273, 64, -0.95273,  0.90625,  0.50,  1.00,  0.43137,  0.43137,  0.50196,  0.50196,  0.00098,  0.00781
274, 67, -0.952,  0.91111,  0.50,  1.00,  0.43137,  0.43137,  0.50196,  0.50196,  0.00098,  0.00781
275, 68, -0.9527,  0.91183,  0.50,  1.00,  0.43137,  0.43137,  0.50196,  0.00,  0.00098,  0.00781
276, 70, -0.95,  0.91467,  0.50,  1.00,  0.43137,  0.43137,  0.50196,  0.50196,  0.00098,  0.00781
277, 67, -0.952,  0.91111,  0.50,  1.00,  0.43137,  0.43137,  0.50196,  0.50196,  0.00098,  0.00781
278, 69, -0.9513,  0.91039,  0.50,  1.00,  0.43137,  0.43137,  0.50196,  0.00,  0.00098,  0.00781
279, 69, -0.9513,  0.91039,  0.50,  1.00,  0.43137,  0.43137,  0.50196,  0.00,  0.00098,  0.00781
280, 72, -0.9496,  0.91342,  0.50,  1.00,  0.43137,  0.43137,  0.50196,  0.00,  0.00098,  0.00781
281, 70, -0.95,  0.91467,  0.50,  1.00,  0.43137,  0.43137,  0.50196,  0.50196,  0.00098,  0.00781
282, 71, -0.9504,  0.91591,  0.50,  1.00,  0.43137,  0.43137,  0.50196,  0.00,  0.00098,  0.00781
283, 68, -0.9527,  0.91183,  0.50,  1.00,  0.43137,  0.43137,  0.50196,  0.00,  0.00098,  0.00781
284, 67, -0.952,  0.91111,  0.50,  1.00,  0.43137,  0.43137,  0.50196,  0.50196,  0.00098,  0.00781
285, 67, -0.952,  0.91111,  0.50,  1.00,  0.43137,  0.43137,  0.50196,  0.50196,  0.00098,  0.00781
286, 70, -0.95,  0.91467,  0.50,  1.00,  0.43137,  0.43137,  0.50196,  0.50196,  0.00098,  0.00781
287, 71, -0.9504,  0.91591,  0.50,  1.00,  0.43137,  0.43137,  0.50196,  0.00,  0.00098,  0.00781
288, 73, -0.94727,  0.91597,  0.50,  1.00,  0.43137,  0.43137,  0.50196,  0.50196,  0.00098,  0.00781
289, 70, -0.95,  0.91467,  0.50,  1.00,  0.43137,  0.43137,  0.50196,  0.50196,  0.00098,  0.00781
290, 72, -0.9496,  0.91342,  0.50,  1.00,  0.43137,  0.43137,  0.50196,  0.00,  0.00098,  0.00781
291, 72, -0.9496,  0.91342,  0.50,  1.00,  0.43137,  0.43137,  0.50196,  0.00,  0.00098,  0.00781
292, 75, -0.94716,  0.91458,  0.50,  1.00,  0.43137,  0.43137,  0.50196,  0.00,  0.00098,  0.00781
293, 73, -0.94727,  0.91597,  0.50,  1.00,  0.43137,  0.43137,  0.50196,  0.50196,  0.00098,  0.00781
294, 74, -0.94737,  0.91736,  0.50,  1.00,  0.43137,  0.43137,  0.50196,  0.00,  0.00098,  0.00781
295, 71, -0.9504,  0.91591,  0.50,  1.00,  0.43137,  0.43137,  0.50196,  0.00,  0.00098,  0.00781
296, 70, -0.95,  0.91467,  0.50,  1.00,  0.43137,  0.43137,  0.50196,  0.50196,  0.00098,  0.00781
297, 70, -0.95,  0.91467,  0.50,  1.00,  0.43137,  0.43137,  0.50196,  0.50196,  0.00098,  0.00781
298, 73, -0.94727,  0.91597,  0.50,  1.00,  0.43137,  0.43137,  0.50196,  0.50196,  0.00098,  0.00781
299, 74, -0.94737,  0.91736,  0.50,  1.00,  0.43137,  0.43137,  0.50196,  0.00,  0.00098,  0.00781
300, 76, -0.70898,  0.91597,  0.50,  1.00,  0.43137,  0.43137,  0.50196,  0.50196,  0.00098,  0.00781
301, 73, -0.94727,  0.91597,  0.50,  1.00,  0.43137,  0.43137,  0.50196,  0.50196,  0.00098,  0.00781
302, 75, -0.94716,  0.91458,  0.50,  1.00,  0.43137,  0.43137,  0.50196,  0.00,  0.00098,  0.00781
303, 75, -0.94716,  0.91458,  0.50,  1.00,  0.43137,  0.43137,  0.50196,  0.00,  0.00098,  0.00781
304, 78, -0.70909,  0.91458,  0.50,  1.00,  0.43137,  0.43137,  0.50196,  0.00,  0.00098,  0.00781
305, 76, -0.70898,  0.91597,  0.50,  1.00,  0.43137,  0.43137,  0.50196,  0.50196,  0.00098,  0.00781
306, 77, -0.70888,  0.91736,  0.50,  1.00,  0.43137,  0.43137,  0.50196,  0.00,  0.00098,  0.00781
307, 74, -0.94737,  0.91736,  0.50,  1.00,  0.43137,  0.43137,  0.50196,  0.00,  0.00098,  0.00781
308, 73, -0.94727,  0.91597,  0.50,  1.00,  0.43137,  0.43137,  0.50196,  0.50196,  0.00098,  0.00781
309, 73, -0.94727,  0.91597,  0.50,  1.00,  0.43137,  0.43137,  0.50196,  0.50196,  0.00098,  0.00781
310, 76, -0.70898,  0.91597,  0.50,  1.00,  0.43137,  0.43137,  0.50196,  0.50196,  0.00098,  0.00781
311, 77, -0.70888,  0.91736,  0.50,  1.00,  0.43137,  0.43137,  0.50196,  0.00,  0.00098,  0.00781
312, 79, -0.70625,  0.91467,  0.50,  1.00,  0.43137,  0.43137,  0.50196,  0.50196,  0.00098,  0.00781
313, 76, -0.70898,  0.91597,  0.50,  1.00,  0.43137,  0.43137,  0.50196,  0.50196,  0.00098,  0.00781
314, 78, -0.70909,  0.91458,  0.50,  1.00,  0.43137,  0.43137,  0.50196,  0.00,  0.00098,  0.00781
315, 78, -0.70909,  0.91458,  0.50,  1.00,  0.43137,  0.43137,  0.50196,  0.00,  0.00098,  0.00781
316, 81, -0.70665,  0.91342,  0.50,  1.00,  0.43137,  0.43137,  0.50196,  0.00,  0.00098,  0.00781
317, 79, -0.70625,  0.91467,  0.50,  1.00,  0.43137,  0.43137,  0.50196,  0.50196,  0.00098,  0.00781
318, 80, -0.70585,  0.91591,  0.50,  1.00,  0.43137,  0.43137,  0.50196,  0.00,  0.00098,  0.00781
319, 77, -0.70888,  0.91736,  0.50,  1.00,  0.43137,  0.43137,  0.50196,  0.00,  0.00098,  0.00781
320, 76, -0.70898,  0.91597,  0.50,  1.00,  0.43137,  0.43137,  0.50196,  0.50196,  0.00098,  0.00781
321, 76, -0.70898,  0.91597,  0.50,  1.00,  0.43137,  0.43137,  0.50196,  0.50196,  0.00098,  0.00781
322, 79, -0.70625,  0.91467,  0.50,  1.00,  0.43137,  0.43137,  0.50196,  0.50196,  0.00098,  0.00781
323, 80, -0.70585,  0.91591,  0.50,  1.00,  0.43137,  0.43137,  0.50196,  0.00,  0.00098,  0.00781
324, 82, -0.70425,  0.91111,  0.50,  1.00,  0.43137,  0.43137,  0.50196,  0.50196,  0.00098,  0.00781
325, 79, -0.70625,  0.91467,  0.50,  1.00,  0.43137,  0.43137,  0.50196,  0.50196,  0.00098,  0.00781
326, 81, -0.70665,  0.91342,  0.50,  1.00,  0.43137,  0.43137,  0.50196,  0.00,  0.00098,  0.00781
327, 81, -0.70665,  0.91342,  0.50,  1.00,  0.43137,  0.43137,  0.50196,  0.00,  0.00098,  0.00781
328, 84, -0.70495,  0.91039,  0.50,  1.00,  0.43137,  0.43137,  0.50196,  0.00,  0.00098,  0.00781
329, 82, -0.70425,  0.91111,  0.50,  1.00,  0.43137,  0.43137,  0.50196,  0.50196,  0.00098,  0.00781
330, 83, -0.70355,  0.91183,  0.50,  1.00,  0.43137,  0.43137,  0.50196,  0.00,  0.00098,  0.00781
331, 80, -0.70585,  0.91591,  0.50,  1.00,  0.43137,  0.43137,  0.50196,  0.00,  0.00098,  0.00781
332, 79, -0.70625,  0.91467,  0.50,  1.00,  0.43137,  0.43137,  0.50196,  0.50196,  0.00098,  0.00781
333, 79, -0.70625,  0.91467,  0.50,  1.00,  0.43137,  0.43137,  0.50196,  0.50196,  0.00098,  0.00781
334, 82, -0.70425,  0.91111,  0.50,  1.00,  0.43137,  0.43137,  0.50196,  0.50196,  0.00098,  0.00781
335, 83, -0.70355,  0.91183,  0.50,  1.00,  0.43137,  0.43137,  0.50196,  0.00,  0.00098,  0.00781
336, 85, -0.70352,  0.90625,  0.50,  1.00,  0.43137,  0.43137,  0.50196,  0.50196,  0.00098,  0.00781
337, 82, -0.70425,  0.91111,  0.50,  1.00,  0.43137,  0.43137,  0.50196,  0.50196,  0.00098,  0.00781
338, 84, -0.70495,  0.91039,  0.50,  1.00,  0.43137,  0.43137,  0.50196,  0.00,  0.00098,  0.00781
339, 84, -0.70495,  0.91039,  0.50,  1.00,  0.43137,  0.43137,  0.50196,  0.00,  0.00098,  0.00781
340, 87, -0.7043,  0.90607,  0.50,  1.00,  0.43137,  0.43137,  0.50196,  0.00,  0.00098,  0.00781
341, 85, -0.70352,  0.90625,  0.50,  1.00,  0.43137,  0.43137,  0.50196,  0.50196,  0.00098,  0.00781
342, 86, -0.70273,  0.90643,  0.50,  1.00,  0.43137,  0.43137,  0.50196,  0.00,  0.00098,  0.00781
343, 83, -0.70355,  0.91183,  0.50,  1.00,  0.43137,  0.43137,  0.50196,  0.00,  0.00098,  0.00781
344, 82, -0.70425,  0.91111,  0.50,  1.00,  0.43137,  0.43137,  0.50196,  0.50196,  0.00098,  0.00781
345, 82, -0.70425,  0.91111,  0.50,  1.00,  0.43137,  0.43137,  0.50196,  0.50196,  0.00098,  0.00781
346, 85, -0.70352,  0.90625,  0.50,  1.00,  0.43137,  0.43137,  0.50196,  0.50196,  0.00098,  0.00781
347, 86, -0.70273,  0.90643,  0.50,  1.00,  0.43137,  0.43137,  0.50196,  0.00,  0.00098,  0.00781
348, 88, -0.70352,  0.28965,  0.50,  1.00,  0.43137,  0.43137,  0.50196,  0.50196,  0.00098,  0.00781
349, 85, -0.70352,  0.90625,  0.50,  1.00,  0.43137,  0.43137,  0.50196,  0.50196,  0.00098,  0.00781
350, 87, -0.7043,  0.90607,  0.50,  1.00,  0.43137,  0.43137,  0.50196,  0.00,  0.00098,  0.00781
351, 87, -0.7043,  0.90607,  0.50,  1.00,  0.43137,  0.43137,  0.50196,  0.00,  0.00098,  0.00781
352, 90, -0.7043,  0.28984,  0.50,  1.00,  0.43137,  0.43137,  0.50196,  0.00,  0.00098,  0.00781
353, 88, -0.70352,  0.28965,  0.50,  1.00,  0.43137,  0.43137,  0.50196,  0.50196,  0.00098,  0.00781
354, 89, -0.70273,  0.28947,  0.50,  1.00,  0.43137,  0.43137,  0.50196,  0.00,  0.00098,  0.00781
355, 86, -0.70273,  0.90643,  0.50,  1.00,  0.43137,  0.43137,  0.50196,  0.00,  0.00098,  0.00781
356, 85, -0.70352,  0.90625,  0.50,  1.00,  0.43137,  0.43137,  0.50196,  0.50196,  0.00098,  0.00781
357, 85, -0.70352,  0.90625,  0.50,  1.00,  0.43137,  0.43137,  0.50196,  0.50196,  0.00098,  0.00781
358, 88, -0.70352,  0.28965,  0.50,  1.00,  0.43137,  0.43137,  0.50196,  0.50196,  0.00098,  0.00781
359, 89, -0.70273,  0.28947,  0.50,  1.00,  0.43137,  0.43137,  0.50196,  0.00,  0.00098,  0.00781
360, 91, -0.70425,  0.28479,  0.50,  1.00,  0.43137,  0.43137,  0.50196,  0.50196,  0.00098,  0.00781
361, 88, -0.70352,  0.28965,  0.50,  1.00,  0.43137,  0.43137,  0.50196,  0.50196,  0.00098,  0.00781
362, 90, -0.7043,  0.28984,  0.50,  1.00,  0.43137,  0.43137,  0.50196,  0.00,  0.00098,  0.00781
363, 90, -0.7043,  0.28984,  0.50,  1.00,  0.43137,  0.43137,  0.50196,  0.00,  0.00098,  0.00781
364, 93, -0.70495,  0.28551,  0.50,  1.00,  0.43137,  0.43137,  0.50196,  0.00,  0.00098,  0.00781
365, 91, -0.70425,  0.28479,  0.50,  1.00,  0.43137,  0.43137,  0.50196,  0.50196,  0.00098,  0.00781
366, 92, -0.70355,  0.28407,  0.50,  1.00,  0.43137,  0.43137,  0.50196,  0.00,  0.00098,  0.00781
367, 89, -0.70273,  0.28947,  0.50,  1.00,  0.43137,  0.43137,  0.50196,  0.00,  0.00098,  0.00781
368, 88, -0.70352,  0.28965,  0.50,  1.00,  0.43137,  0.43137,  0.50196,  0.50196,  0.00098,  0.00781
369, 88, -0.70352,  0.28965,  0.50,  1.00,  0.43137,  0.43137,  0.50196,  0.50196,  0.00098,  0.00781
370, 91, -0.70425,  0.28479,  0.50,  1.00,  0.43137,  0.43137,  0.50196,  0.50196,  0.00098,  0.00781
371, 92, -0.70355,  0.28407,  0.50,  1.00,  0.43137,  0.43137,  0.50196,  0.00,  0.00098,  0.00781
372, 94, -0.70625,  0.28123,  0.50,  1.00,  0.43137,  0.43137,  0.50196,  0.50196,  0.00098,  0.00781
373, 91, -0.70425,  0.28479,  0.50,  1.00,  0.43137,  0.43137,  0.50196,  0.50196,  0.00098,  0.00781
374, 93, -0.70495,  0.28551,  0.50,  1.00,  0.43137,  0.43137,  0.50196,  0.00,  0.00098,  0.00781
375, 93, -0.70495,  0.28551,  0.50,  1.00,  0.43137,  0.43137,  0.50196,  0.00,  0.00098,  0.00781
376, 96, -0.70665,  0.28248,  0.50,  1.00,  0.43137,  0.43137,  0.50196,  0.00,  0.00098,  0.00781
377, 94, -0.70625,  0.28123,  0.50,  1.00,  0.43137,  0.43137,  0.50196,  0.50196,  0.00098,  0.00781
378, 95, -0.70585,  0.27999,  0.50,  1.00,  0.43137,  0.43137,  0.50196,  0.00,  0.00098,  0.00781
379, 92, -0.70355,  0.28407,  0.50,  1.00,  0.43137,  0.43137,  0.50196,  0.00,  0.00098,  0.00781
380, 91, -0.70425,  0.28479,  0.50,  1.00,  0.43137,  0.43137,  0.50196,  0.50196,  0.00098,  0.00781
381, 91, -0.70425,  0.28479,  0.50,  1.00,  0.43137,  0.43137,  0.50196,  0.50196,  0.00098,  0.00781
382, 94, -0.70625,  0.28123,  0.50,  1.00,  0.43137,  0.43137,  0.50196,  0.50196,  0.00098,  0.00781
383, 95, -0.70585,  0.27999,  0.50,  1.00,  0.43137,  0.43137,  0.50196,  0.00,  0.00098,  0.00781
384, 97, -0.70898,  0.27993,  0.50,  1.00,  0.43137,  0.43137,  0.50196,  0.50196,  0.00098,  0.00781
385, 94, -0.70625,  0.28123,  0.50,  1.00,  0.43137,  0.43137,  0.50196,  0.50196,  0.00098,  0.00781
386, 96, -0.70665,  0.28248,  0.50,  1.00,  0.43137,  0.43137,  0.50196,  0.00,  0.00098,  0.00781
387, 96, -0.70665,  0.28248,  0.50,  1.00,  0.43137,  0.43137,  0.50196,  0.00,  0.00098,  0.00781
388, 99, -0.70909,  0.28132,  0.50,  1.00,  0.43137,  0.43137,  0.50196,  0.00,  0.00098,  0.00781
389, 97, -0.70898,  0.27993,  0.50,  1.00,  0.43137,  0.43137,  0.50196,  0.50196,  0.00098,  0.00781
390, 98, -0.70888,  0.27854,  0.50,  1.00,  0.43137,  0.43137,  0.50196,  0.00,  0.00098,  0.00781
391, 95, -0.70585,  0.27999,  0.50,  1.00,  0.43137,  0.43137,  0.50196,  0.00,  0.00098,  0.00781
392, 94, -0.70625,  0.28123,  0.50,  1.00,  0.43137,  0.43137,  0.50196,  0.50196,  0.00098,  0.00781
393, 94, -0.70625,  0.28123,  0.50,  1.00,  0.43137,  0.43137,  0.50196,  0.50196,  0.00098,  0.00781
394, 97, -0.70898,  0.27993,  0.50,  1.00,  0.43137,  0.43137,  0.50196,  0.50196,  0.00098,  0.00781
395, 98, -0.70888,  0.27854,  0.50,  1.00,  0.43137,  0.43137,  0.50196,  0.00,  0.00098,  0.00781
396, 100, -0.94727,  0.27993,  0.50,  1.00,  0.43137,  0.43137,  0.50196,  0.50196,  0.00098,  0.00781
397, 97, -0.70898,  0.27993,  0.50,  1.00,  0.43137,  0.43137,  0.50196,  0.50196,  0.00098,  0.00781
398, 99, -0.70909,  0.28132,  0.50,  1.00,  0.43137,  0.43137,  0.50196,  0.00,  0.00098,  0.00781
399, 99, -0.70909,  0.28132,  0.50,  1.00,  0.43137,  0.43137,  0.50196,  0.00,  0.00098,  0.00781
400, 102, -0.94716,  0.28132,  0.50,  1.00,  0.43137,  0.43137,  0.50196,  0.00,  0.00098,  0.00781
401, 100, -0.94727,  0.27993,  0.50,  1.00,  0.43137,  0.43137,  0.50196,  0.50196,  0.00098,  0.00781
402, 101, -0.94737,  0.27854,  0.50,  1.00,  0.43137,  0.43137,  0.50196,  0.00,  0.00098,  0.00781
403, 98, -0.70888,  0.27854,  0.50,  1.00,  0.43137,  0.43137,  0.50196,  0.00,  0.00098,  0.00781
404, 97, -0.70898,  0.27993,  0.50,  1.00,  0.43137,  0.43137,  0.50196,  0.50196,  0.00098,  0.00781
405, 97, -0.70898,  0.27993,  0.50,  1.00,  0.43137,  0.43137,  0.50196,  0.50196,  0.00098,  0.00781
406, 100, -0.94727,  0.27993,  0.50,  1.00,  0.43137,  0.43137,  0.50196,  0.50196,  0.00098,  0.00781
407, 101, -0.94737,  0.27854,  0.50,  1.00,  0.43137,  0.43137,  0.50196,  0.00,  0.00098,  0.00781
408, 103, -0.95,  0.28123,  0.50,  1.00,  0.43137,  0.43137,  0.50196,  0.50196,  0.00098,  0.00781
409, 100, -0.94727,  0.27993,  0.50,  1.00,  0.43137,  0.43137,  0.50196,  0.50196,  0.00098,  0.00781
410, 102, -0.94716,  0.28132,  0.50,  1.00,  0.43137,  0.43137,  0.50196,  0.00,  0.00098,  0.00781
411, 102, -0.94716,  0.28132,  0.50,  1.00,  0.43137,  0.43137,  0.50196,  0.00,  0.00098,  0.00781
412, 105, -0.9496,  0.28248,  0.50,  1.00,  0.43137,  0.43137,  0.50196,  0.00,  0.00098,  0.00781
413, 103, -0.95,  0.28123,  0.50,  1.00,  0.43137,  0.43137,  0.50196,  0.50196,  0.00098,  0.00781
414, 104, -0.9504,  0.27999,  0.50,  1.00,  0.43137,  0.43137,  0.50196,  0.00,  0.00098,  0.00781
415, 101, -0.94737,  0.27854,  0.50,  1.00,  0.43137,  0.43137,  0.50196,  0.00,  0.00098,  0.00781
416, 100, -0.94727,  0.27993,  0.50,  1.00,  0.43137,  0.43137,  0.50196,  0.50196,  0.00098,  0.00781
417, 100, -0.94727,  0.27993,  0.50,  1.00,  0.43137,  0.43137,  0.50196,  0.50196,  0.00098,  0.00781
418, 103, -0.95,  0.28123,  0.50,  1.00,  0.43137,  0.43137,  0.50196,  0.50196,  0.00098,  0.00781
419, 104, -0.9504,  0.27999,  0.50,  1.00,  0.43137,  0.43137,  0.50196,  0.00,  0.00098,  0.00781
420, 106, -0.952,  0.28479,  0.50,  1.00,  0.43137,  0.43137,  0.50196,  0.50196,  0.00098,  0.00781
421, 103, -0.95,  0.28123,  0.50,  1.00,  0.43137,  0.43137,  0.50196,  0.50196,  0.00098,  0.00781
422, 105, -0.9496,  0.28248,  0.50,  1.00,  0.43137,  0.43137,  0.50196,  0.00,  0.00098,  0.00781
423, 105, -0.9496,  0.28248,  0.50,  1.00,  0.43137,  0.43137,  0.50196,  0.00,  0.00098,  0.00781
424, 108, -0.9513,  0.28551,  0.50,  1.00,  0.43137,  0.43137,  0.50196,  0.00,  0.00098,  0.00781
425, 106, -0.952,  0.28479,  0.50,  1.00,  0.43137,  0.43137,  0.50196,  0.50196,  0.00098,  0.00781
426, 107, -0.9527,  0.28407,  0.50,  1.00,  0.43137,  0.43137,  0.50196,  0.00,  0.00098,  0.00781
427, 104, -0.9504,  0.27999,  0.50,  1.00,  0.43137,  0.43137,  0.50196,  0.00,  0.00098,  0.00781
428, 103, -0.95,  0.28123,  0.50,  1.00,  0.43137,  0.43137,  0.50196,  0.50196,  0.00098,  0.00781
429, 103, -0.95,  0.28123,  0.50,  1.00,  0.43137,  0.43137,  0.50196,  0.50196,  0.00098,  0.00781
430, 106, -0.952,  0.28479,  0.50,  1.00,  0.43137,  0.43137,  0.50196,  0.50196,  0.00098,  0.00781
431, 107, -0.9527,  0.28407,  0.50,  1.00,  0.43137,  0.43137,  0.50196,  0.00,  0.00098,  0.00781
432, 109, -0.95273,  0.28965,  0.50,  1.00,  0.43137,  0.43137,  0.50196,  0.50196,  0.00098,  0.00781
433, 106, -0.952,  0.28479,  0.50,  1.00,  0.43137,  0.43137,  0.50196,  0.50196,  0.00098,  0.00781
434, 108, -0.9513,  0.28551,  0.50,  1.00,  0.43137,  0.43137,  0.50196,  0.00,  0.00098,  0.00781
435, 108, -0.9513,  0.28551,  0.50,  1.00,  0.43137,  0.43137,  0.50196,  0.00,  0.00098,  0.00781
436, 111, -0.95195,  0.28984,  0.50,  1.00,  0.43137,  0.43137,  0.50196,  0.00,  0.00098,  0.00781
437, 109, -0.95273,  0.28965,  0.50,  1.00,  0.43137,  0.43137,  0.50196,  0.50196,  0.00098,  0.00781
438, 110, -0.95352,  0.28947,  0.50,  1.00,  0.43137,  0.43137,  0.50196,  0.00,  0.00098,  0.00781
439, 107, -0.9527,  0.28407,  0.50,  1.00,  0.43137,  0.43137,  0.50196,  0.00,  0.00098,  0.00781
440, 106, -0.952,  0.28479,  0.50,  1.00,  0.43137,  0.43137,  0.50196,  0.50196,  0.00098,  0.00781
441, 106, -0.952,  0.28479,  0.50,  1.00,  0.43137,  0.43137,  0.50196,  0.50196,  0.00098,  0.00781
442, 109, -0.95273,  0.28965,  0.50,  1.00,  0.43137,  0.43137,  0.50196,  0.50196,  0.00098,  0.00781
443, 110, -0.95352,  0.28947,  0.50,  1.00,  0.43137,  0.43137,  0.50196,  0.00,  0.00098,  0.00781
444, 64, -0.95273,  0.90625,  0.50,  1.00,  0.43137,  0.43137,  0.50196,  0.50196,  0.00098,  0.00781
445, 109, -0.95273,  0.28965,  0.50,  1.00,  0.43137,  0.43137,  0.50196,  0.50196,  0.00098,  0.00781
446, 111, -0.95195,  0.28984,  0.50,  1.00,  0.43137,  0.43137,  0.50196,  0.00,  0.00098,  0.00781
447, 111, -0.95195,  0.28984,  0.50,  1.00,  0.43137,  0.43137,  0.50196,  0.00,  0.00098,  0.00781
448, 66, -0.95195,  0.90607,  0.50,  1.00,  0.43137,  0.43137,  0.50196,  0.00,  0.00098,  0.00781
449, 64, -0.95273,  0.90625,  0.50,  1.00,  0.43137,  0.43137,  0.50196,  0.50196,  0.00098,  0.00781
450, 65, -0.95352,  0.90643,  0.50,  1.00,  0.43137,  0.43137,  0.50196,  0.00,  0.00098,  0.00781
451, 110, -0.95352,  0.28947,  0.50,  1.00,  0.43137,  0.43137,  0.50196,  0.00,  0.00098,  0.00781
452, 109, -0.95273,  0.28965,  0.50,  1.00,  0.43137,  0.43137,  0.50196,  0.50196,  0.00098,  0.00781
453, 109, -0.95273,  0.28965,  0.50,  1.00,  0.43137,  0.43137,  0.50196,  0.50196,  0.00098,  0.00781
454, 64, -0.95273,  0.90625,  0.50,  1.00,  0.43137,  0.43137,  0.50196,  0.50196,  0.00098,  0.00781
455, 65, -0.95352,  0.90643,  0.50,  1.00,  0.43137,  0.43137,  0.50196,  0.00,  0.00098,  0.00781
456, 112, -0.94416,  0.89658,  0.50,  1.00,  1.00,  1.00,  1.00,  1.00,  0.00098,  0.00781
457, 114, -0.94787,  0.908,  0.50,  1.00,  1.00,  1.00,  1.00,  1.00,  0.00098,  0.00781
458, 116, -0.94045,  0.908,  0.50,  1.00,  1.00,  1.00,  1.00,  1.00,  0.00098,  0.00781
459, 112, -0.94416,  0.89658,  0.50,  1.00,  1.00,  1.00,  1.00,  1.00,  0.00098,  0.00781
460, 116, -0.94045,  0.908,  0.50,  1.00,  1.00,  1.00,  1.00,  1.00,  0.00098,  0.00781
461, 117, -0.93978,  0.90869,  0.50,  1.00,  1.00,  1.00,  1.00,  0.00,  0.00098,  0.00781
462, 117, -0.93978,  0.90869,  0.50,  1.00,  1.00,  1.00,  1.00,  0.00,  0.00098,  0.00781
463, 113, -0.94416,  0.89519,  0.50,  1.00,  1.00,  1.00,  1.00,  0.00,  0.00098,  0.00781
464, 112, -0.94416,  0.89658,  0.50,  1.00,  1.00,  1.00,  1.00,  1.00,  0.00098,  0.00781
465, 114, -0.94787,  0.908,  0.50,  1.00,  1.00,  1.00,  1.00,  1.00,  0.00098,  0.00781
466, 112, -0.94416,  0.89658,  0.50,  1.00,  1.00,  1.00,  1.00,  1.00,  0.00098,  0.00781
467, 113, -0.94416,  0.89519,  0.50,  1.00,  1.00,  1.00,  1.00,  0.00,  0.00098,  0.00781
468, 113, -0.94416,  0.89519,  0.50,  1.00,  1.00,  1.00,  1.00,  0.00,  0.00098,  0.00781
469, 115, -0.94854,  0.90869,  0.50,  1.00,  1.00,  1.00,  1.00,  0.00,  0.00098,  0.00781
470, 114, -0.94787,  0.908,  0.50,  1.00,  1.00,  1.00,  1.00,  1.00,  0.00098,  0.00781
471, 116, -0.94045,  0.908,  0.50,  1.00,  1.00,  1.00,  1.00,  1.00,  0.00098,  0.00781
472, 114, -0.94787,  0.908,  0.50,  1.00,  1.00,  1.00,  1.00,  1.00,  0.00098,  0.00781
473, 115, -0.94854,  0.90869,  0.50,  1.00,  1.00,  1.00,  1.00,  0.00,  0.00098,  0.00781
474, 115, -0.94854,  0.90869,  0.50,  1.00,  1.00,  1.00,  1.00,  0.00,  0.00098,  0.00781
475, 117, -0.93978,  0.90869,  0.50,  1.00,  1.00,  1.00,  1.00,  0.00,  0.00098,  0.00781
476, 116, -0.94045,  0.908,  0.50,  1.00,  1.00,  1.00,  1.00,  1.00,  0.00098,  0.00781
477, 118, -0.93504,  0.90792,  0.50,  1.00,  1.00,  1.00,  1.00,  1.00,  0.51367,  0.34375
478, 119, -0.92965,  0.90792,  0.50,  1.00,  1.00,  1.00,  1.00,  1.00,  0.52539,  0.34375
479, 120, -0.92965,  0.89514,  0.50,  1.00,  1.00,  1.00,  1.00,  1.00,  0.52539,  0.46875
480, 118, -0.93504,  0.90792,  0.50,  1.00,  1.00,  1.00,  1.00,  1.00,  0.51367,  0.34375
481, 120, -0.92965,  0.89514,  0.50,  1.00,  1.00,  1.00,  1.00,  1.00,  0.52539,  0.46875
482, 121, -0.93504,  0.89514,  0.50,  1.00,  1.00,  1.00,  1.00,  1.00,  0.51367,  0.46875
483, 122, -0.92875,  0.90472,  0.50,  1.00,  1.00,  1.00,  1.00,  1.00,  0.26953,  0.4375
484, 123, -0.92426,  0.90472,  0.50,  1.00,  1.00,  1.00,  1.00,  1.00,  0.2793,  0.4375
485, 124, -0.92426,  0.89514,  0.50,  1.00,  1.00,  1.00,  1.00,  1.00,  0.2793,  0.53125
486, 122, -0.92875,  0.90472,  0.50,  1.00,  1.00,  1.00,  1.00,  1.00,  0.26953,  0.4375
487, 124, -0.92426,  0.89514,  0.50,  1.00,  1.00,  1.00,  1.00,  1.00,  0.2793,  0.53125
488, 125, -0.92875,  0.89514,  0.50,  1.00,  1.00,  1.00,  1.00,  1.00,  0.26953,  0.53125
489, 126, -0.92246,  0.90472,  0.50,  1.00,  1.00,  1.00,  1.00,  1.00,  0.31641,  0.4375
490, 127, -0.91797,  0.90472,  0.50,  1.00,  1.00,  1.00,  1.00,  1.00,  0.32617,  0.4375
491, 128, -0.91797,  0.89514,  0.50,  1.00,  1.00,  1.00,  1.00,  1.00,  0.32617,  0.53125
492, 126, -0.92246,  0.90472,  0.50,  1.00,  1.00,  1.00,  1.00,  1.00,  0.31641,  0.4375
493, 128, -0.91797,  0.89514,  0.50,  1.00,  1.00,  1.00,  1.00,  1.00,  0.32617,  0.53125
494, 129, -0.92246,  0.89514,  0.50,  1.00,  1.00,  1.00,  1.00,  1.00,  0.31641,  0.53125
495, 130, -0.91617,  0.90472,  0.50,  1.00,  1.00,  1.00,  1.00,  1.00,  0.26953,  0.4375
496, 131, -0.91168,  0.90472,  0.50,  1.00,  1.00,  1.00,  1.00,  1.00,  0.2793,  0.4375
497, 132, -0.91168,  0.89514,  0.50,  1.00,  1.00,  1.00,  1.00,  1.00,  0.2793,  0.53125
498, 130, -0.91617,  0.90472,  0.50,  1.00,  1.00,  1.00,  1.00,  1.00,  0.26953,  0.4375
499, 132, -0.91168,  0.89514,  0.50,  1.00,  1.00,  1.00,  1.00,  1.00,  0.2793,  0.53125
500, 133, -0.91617,  0.89514,  0.50,  1.00,  1.00,  1.00,  1.00,  1.00,  0.26953,  0.53125
501, 134, -0.90988,  0.90472,  0.50,  1.00,  1.00,  1.00,  1.00,  1.00,  0.23438,  0.4375
502, 135, -0.90539,  0.90472,  0.50,  1.00,  1.00,  1.00,  1.00,  1.00,  0.24414,  0.4375
503, 136, -0.90539,  0.89514,  0.50,  1.00,  1.00,  1.00,  1.00,  1.00,  0.24414,  0.53125
504, 134, -0.90988,  0.90472,  0.50,  1.00,  1.00,  1.00,  1.00,  1.00,  0.23438,  0.4375
505, 136, -0.90539,  0.89514,  0.50,  1.00,  1.00,  1.00,  1.00,  1.00,  0.24414,  0.53125
506, 137, -0.90988,  0.89514,  0.50,  1.00,  1.00,  1.00,  1.00,  1.00,  0.23438,  0.53125
507, 138, -0.90359,  0.90472,  0.50,  1.00,  1.00,  1.00,  1.00,  1.00,  0.19922,  0.4375
508, 139, -0.8991,  0.90472,  0.50,  1.00,  1.00,  1.00,  1.00,  1.00,  0.20898,  0.4375
509, 140, -0.8991,  0.89514,  0.50,  1.00,  1.00,  1.00,  1.00,  1.00,  0.20898,  0.53125
510, 138, -0.90359,  0.90472,  0.50,  1.00,  1.00,  1.00,  1.00,  1.00,  0.19922,  0.4375
511, 140, -0.8991,  0.89514,  0.50,  1.00,  1.00,  1.00,  1.00,  1.00,  0.20898,  0.53125
512, 141, -0.90359,  0.89514,  0.50,  1.00,  1.00,  1.00,  1.00,  1.00,  0.19922,  0.53125
513, 142, -0.89641,  0.90951,  0.50,  1.00,  1.00,  1.00,  1.00,  1.00,  0.92188,  0.1875
514, 143, -0.89461,  0.90951,  0.50,  1.00,  1.00,  1.00,  1.00,  1.00,  0.92578,  0.1875
515, 144, -0.89461,  0.89514,  0.50,  1.00,  1.00,  1.00,  1.00,  1.00,  0.92578,  0.32813
516, 142, -0.89641,  0.90951,  0.50,  1.00,  1.00,  1.00,  1.00,  1.00,  0.92188,  0.1875
517, 144, -0.89461,  0.89514,  0.50,  1.00,  1.00,  1.00,  1.00,  1.00,  0.92578,  0.32813
518, 145, -0.89641,  0.89514,  0.50,  1.00,  1.00,  1.00,  1.00,  1.00,  0.92188,  0.32813
519, 146, -0.88473,  0.90792,  0.50,  1.00,  1.00,  1.00,  1.00,  1.00,  0.54102,  0.34375
520, 147, -0.87934,  0.90792,  0.50,  1.00,  1.00,  1.00,  1.00,  1.00,  0.55273,  0.34375
521, 148, -0.87934,  0.89514,  0.50,  1.00,  1.00,  1.00,  1.00,  1.00,  0.55273,  0.46875
522, 146, -0.88473,  0.90792,  0.50,  1.00,  1.00,  1.00,  1.00,  1.00,  0.54102,  0.34375
523, 148, -0.87934,  0.89514,  0.50,  1.00,  1.00,  1.00,  1.00,  1.00,  0.55273,  0.46875
524, 149, -0.88473,  0.89514,  0.50,  1.00,  1.00,  1.00,  1.00,  1.00,  0.54102,  0.46875
525, 150, -0.87844,  0.90472,  0.50,  1.00,  1.00,  1.00,  1.00,  1.00,  0.26953,  0.4375
526, 151, -0.87395,  0.90472,  0.50,  1.00,  1.00,  1.00,  1.00,  1.00,  0.2793,  0.4375
527, 152, -0.87395,  0.89514,  0.50,  1.00,  1.00,  1.00,  1.00,  1.00,  0.2793,  0.53125
528, 150, -0.87844,  0.90472,  0.50,  1.00,  1.00,  1.00,  1.00,  1.00,  0.26953,  0.4375
529, 152, -0.87395,  0.89514,  0.50,  1.00,  1.00,  1.00,  1.00,  1.00,  0.2793,  0.53125
530, 153, -0.87844,  0.89514,  0.50,  1.00,  1.00,  1.00,  1.00,  1.00,  0.26953,  0.53125
531, 154, -0.87125,  0.90951,  0.50,  1.00,  1.00,  1.00,  1.00,  1.00,  0.92188,  0.1875
532, 155, -0.86945,  0.90951,  0.50,  1.00,  1.00,  1.00,  1.00,  1.00,  0.92578,  0.1875
533, 156, -0.86945,  0.89514,  0.50,  1.00,  1.00,  1.00,  1.00,  1.00,  0.92578,  0.32813
534, 154, -0.87125,  0.90951,  0.50,  1.00,  1.00,  1.00,  1.00,  1.00,  0.92188,  0.1875
535, 156, -0.86945,  0.89514,  0.50,  1.00,  1.00,  1.00,  1.00,  1.00,  0.92578,  0.32813
536, 157, -0.87125,  0.89514,  0.50,  1.00,  1.00,  1.00,  1.00,  1.00,  0.92188,  0.32813
537, 158, -0.86586,  0.90472,  0.50,  1.00,  1.00,  1.00,  1.00,  1.00,  0.26953,  0.4375
538, 159, -0.86137,  0.90472,  0.50,  1.00,  1.00,  1.00,  1.00,  1.00,  0.2793,  0.4375
539, 160, -0.86137,  0.89514,  0.50,  1.00,  1.00,  1.00,  1.00,  1.00,  0.2793,  0.53125
540, 158, -0.86586,  0.90472,  0.50,  1.00,  1.00,  1.00,  1.00,  1.00,  0.26953,  0.4375
541, 160, -0.86137,  0.89514,  0.50,  1.00,  1.00,  1.00,  1.00,  1.00,  0.2793,  0.53125
542, 161, -0.86586,  0.89514,  0.50,  1.00,  1.00,  1.00,  1.00,  1.00,  0.26953,  0.53125
543, 162, -0.85957,  0.90472,  0.50,  1.00,  1.00,  1.00,  1.00,  1.00,  0.21094,  0.4375
544, 163, -0.85508,  0.90472,  0.50,  1.00,  1.00,  1.00,  1.00,  1.00,  0.2207,  0.4375
545, 164, -0.85508,  0.89514,  0.50,  1.00,  1.00,  1.00,  1.00,  1.00,  0.2207,  0.53125
546, 162, -0.85957,  0.90472,  0.50,  1.00,  1.00,  1.00,  1.00,  1.00,  0.21094,  0.4375
547, 164, -0.85508,  0.89514,  0.50,  1.00,  1.00,  1.00,  1.00,  1.00,  0.2207,  0.53125
548, 165, -0.85957,  0.89514,  0.50,  1.00,  1.00,  1.00,  1.00,  1.00,  0.21094,  0.53125
549, 166, -0.85238,  0.90792,  0.50,  1.00,  1.00,  1.00,  1.00,  1.00,  0.99023,  0.32813
550, 167, -0.84879,  0.90792,  0.50,  1.00,  1.00,  1.00,  1.00,  1.00,  0.99805,  0.32813
551, 168, -0.84879,  0.89514,  0.50,  1.00,  1.00,  1.00,  1.00,  1.00,  0.99805,  0.45313
552, 166, -0.85238,  0.90792,  0.50,  1.00,  1.00,  1.00,  1.00,  1.00,  0.99023,  0.32813
553, 168, -0.84879,  0.89514,  0.50,  1.00,  1.00,  1.00,  1.00,  1.00,  0.99805,  0.45313
554, 169, -0.85238,  0.89514,  0.50,  1.00,  1.00,  1.00,  1.00,  1.00,  0.99023,  0.45313
555, 170, -0.84609,  0.90951,  0.50,  1.00,  1.00,  1.00,  1.00,  1.00,  0.91602,  0.1875
556, 171, -0.8443,  0.90951,  0.50,  1.00,  1.00,  1.00,  1.00,  1.00,  0.91992,  0.1875
557, 172, -0.8443,  0.89514,  0.50,  1.00,  1.00,  1.00,  1.00,  1.00,  0.91992,  0.32813
558, 170, -0.84609,  0.90951,  0.50,  1.00,  1.00,  1.00,  1.00,  1.00,  0.91602,  0.1875
559, 172, -0.8443,  0.89514,  0.50,  1.00,  1.00,  1.00,  1.00,  1.00,  0.91992,  0.32813
560, 173, -0.84609,  0.89514,  0.50,  1.00,  1.00,  1.00,  1.00,  1.00,  0.91602,  0.32813
561, 174, -0.8407,  0.90472,  0.50,  1.00,  1.00,  1.00,  1.00,  1.00,  0.30469,  0.4375
562, 175, -0.83621,  0.90472,  0.50,  1.00,  1.00,  1.00,  1.00,  1.00,  0.31445,  0.4375
563, 176, -0.83621,  0.89514,  0.50,  1.00,  1.00,  1.00,  1.00,  1.00,  0.31445,  0.53125
564, 174, -0.8407,  0.90472,  0.50,  1.00,  1.00,  1.00,  1.00,  1.00,  0.30469,  0.4375
565, 176, -0.83621,  0.89514,  0.50,  1.00,  1.00,  1.00,  1.00,  1.00,  0.31445,  0.53125
566, 177, -0.8407,  0.89514,  0.50,  1.00,  1.00,  1.00,  1.00,  1.00,  0.30469,  0.53125
567, 178, -0.83441,  0.90472,  0.50,  1.00,  1.00,  1.00,  1.00,  1.00,  0.31641,  0.4375
568, 179, -0.82992,  0.90472,  0.50,  1.00,  1.00,  1.00,  1.00,  1.00,  0.32617,  0.4375
569, 180, -0.82992,  0.89514,  0.50,  1.00,  1.00,  1.00,  1.00,  1.00,  0.32617,  0.53125
570, 178, -0.83441,  0.90472,  0.50,  1.00,  1.00,  1.00,  1.00,  1.00,  0.31641,  0.4375
571, 180, -0.82992,  0.89514,  0.50,  1.00,  1.00,  1.00,  1.00,  1.00,  0.32617,  0.53125
572, 181, -0.83441,  0.89514,  0.50,  1.00,  1.00,  1.00,  1.00,  1.00,  0.31641,  0.53125
